{"cameraMode":{"drawMode":0,"name":"Shaded","section":"Shading Mode"},"sceneLighting":true,"audioPlay":false,"sceneViewState":{"m_AlwaysRefresh":false,"showFog":true,"showSkybox":true,"showFlares":true,"showImageEffects":true,"showParticleSystems":true,"showVisualEffectGraphs":true,"m_FxEnabled":true},"in2DMode":false,"pivot":{"x":3.920161724090576,"y":2.1920762062072756,"z":3.136432647705078},"rotation":{"x":-0.029353350400924684,"y":-0.14937715232372285,"z":-0.004434746224433184,"w":0.9883439540863037},"size":2.268160104751587,"orthographic":false}